{"R": 120.73113376731423, "G": 112.79646927929156, "B": 101.5318787785731}