{"R": 124.97444899064222, "G": 115.97971080586517, "B": 106.13593549819402}